"filename","extension","size_bytes","sha256","role","destination","reason","original_preserved"
"Assets-By subregion.csv",".csv","219964","e1d1cf3c060f43983e0626125d801eb8844c5788b57e4469086e9fc43be9b65d","raw asset input candidate","input/assets/Assets-By subregion.csv","Headers identify current recreation inventory; schema will be validated","true"
"export-trans_bike_facilities_basecols.csv",".csv","4672196","017c30e95cbb77f6dc035206bd63e374c894740f82d8d58152bc556e8f50be36","GIS reference","input/gis_reference/export-trans_bike_facilities_basecols.csv","Attribute export paired with geometry package","true"
"export-trans_bike_facilities_cleancols.shp.zip",".zip","3125229","fd55d22b172099bf2d11e379bea51ea5591bd621ef969022a2e5789bfbc8ce42","raw GIS input","input/gis/export-trans_bike_facilities_cleancols.shp.zip","Original zipped shapefile package","true"
"export-trans_land_line_systems_basecols.csv",".csv","4053526","42a7636aea8022e236eb932c04e868b80585c4793108592a66c2065aff568e7e","GIS reference","input/gis_reference/export-trans_land_line_systems_basecols.csv","Attribute export paired with geometry package","true"
"export-trans_land_line_systems_cleancols.shp.zip",".zip","3156058","fb52c93154974bd4f0d7fde8656cb506e2aead92bdab23b127730bba88f5dc1e","raw GIS input","input/gis/export-trans_land_line_systems_cleancols.shp.zip","Original zipped shapefile package","true"
"export-trans_shared_use_paths_basecols.csv",".csv","2809597","43322e9046c3cbb5807aec382aeb91a3d6e7eca54d2fa81ca582bce08c2f973c","GIS reference","input/gis_reference/export-trans_shared_use_paths_basecols.csv","Attribute export paired with geometry package","true"
"export-trans_shared_use_paths_cleancols.shp.zip",".zip","2338933","c09fc7736abf9ce9b9d1a26d2a2b82fe7cf4cf6c3882bed0d329dd4bb632b3bf","raw GIS input","input/gis/export-trans_shared_use_paths_cleancols.shp.zip","Original zipped shapefile package","true"
"export-trans_walking_trails_basecols.csv",".csv","23868309","65608458f1e3e3191924e5e89b13cadb306a070072af3bf7d067882584bbdd62","GIS reference","input/gis_reference/export-trans_walking_trails_basecols.csv","Attribute export paired with geometry package","true"
"export-trans_walking_trails_cleancols.shp.zip",".zip","19941263","63389a17273864a768044ce40cda16e492326a8f64f532187cbd0f3cb3f36b9d","raw GIS input","input/gis/export-trans_walking_trails_cleancols.shp.zip","Original zipped shapefile package","true"
"MAPC_full_access_factcheck_audit.csv",".csv","172925","8e6e87a0e894c3c268f874c0bfdf08d66b3dbbc5202024e0c669c9516578b89c","previous audit reference","reference/previous_audits/MAPC_full_access_factcheck_audit.csv","Prior claims require re-evaluation against current inventory","true"
"MAPC_full_access_factcheck_audit.xlsx",".xlsx","48486","8492f2ef4c839ea5fa3bcf220efff7e99f42470df287e954eb586f1b222456c2","previous audit reference","reference/previous_audits/MAPC_full_access_factcheck_audit.xlsx","Prior claims require re-evaluation against current inventory","true"
"Onboarding Document for Data Collector.docx",".docx","71514","16f5ec468cc80f5fa4247293ae07a2f67f1aedaaa85c25dc10c689bf2e80f53f","field guide reference","reference/field_guides/Onboarding Document for Data Collector.docx","Data collection definitions and procedures","true"
"Onboarding Document for WPI Data Collectors.docx",".docx","73056","8020e774be4be3d112f6becca99c917e6d5c44e49984f9b8bfee94736d6806a1","field guide reference","reference/field_guides/Onboarding Document for WPI Data Collectors.docx","Data collection definitions and procedures","true"
